{
    "control": {
        "revenue": 192027796.9777832,
        "margin": 48440485.18206319,
        "orders": 35047
    },
    "predicted": {
        "revenue": 175857045.02807617,
        "margin": 38521917.6353337,
        "orders": 33438
    }
}